s2id,iso3,label,sublabel,lat,lon,dock,distance_from_shore_m
1023e145,TGO,LOME,LOME,6.1365,1.2768,TRUE,0
1023e14f,TGO,LOME,LOME,6.1387,1.2822,TRUE,0
1023e151,TGO,LOME,LOME,6.1416,1.2828,TRUE,0
1023e153,TGO,LOME,LOME,6.1426,1.2866,TRUE,1000
1023e6ad,TGO,LOME,LOME,6.1432,1.2895,TRUE,1000
1023e14d,TGO,LOME,LOME,6.1387,1.2862,TRUE,1000
1023e6b3,TGO,LOME,LOME,6.1394,1.2896,TRUE,1000
1023ed2d,TGO,KPEME,KPEME,6.1993,1.5176,TRUE,2000
10215f89,TGO,LOME,LOME,6.0955,1.2098,FALSE,2000
1023e03b,TGO,LOME,LOME,6.0955,1.2238,FALSE,2000
1023e025,TGO,LOME,LOME,6.0954,1.2192,FALSE,2000
1023e0ef,TGO,LOME,LOME,6.0954,1.2626,FALSE,4000
1023e0e7,TGO,LOME,LOME,6.1011,1.2672,FALSE,4000
1023e0d7,TGO,LOME,LOME,6.1062,1.2821,FALSE,4000
1023e05d,TGO,LOME,LOME,6.0901,1.2434,FALSE,4000
1023e041,TGO,LOME,LOME,6.0904,1.2336,FALSE,4000
1023e12b,TGO,LOME,LOME,6.1112,1.2867,FALSE,4000
1023e08b,TGO,LOME,LOME,6.0853,1.2527,FALSE,4000
1023e0e9,TGO,LOME,LOME,6.0952,1.2674,FALSE,4000
1023e0dd,TGO,LOME,LOME,6.1004,1.2719,FALSE,4000
1023e0e5,TGO,LOME,LOME,6.1008,1.2629,FALSE,4000
1023e06b,TGO,LOME,LOME,6.0851,1.2336,FALSE,4000
1023e061,TGO,LOME,LOME,6.0853,1.2484,FALSE,4000
1023e0d5,TGO,LOME,LOME,6.1062,1.2868,FALSE,4000
1023e011,TGO,LOME,LOME,6.0798,1.2243,FALSE,4000
1023e01d,TGO,LOME,LOME,6.0798,1.2146,FALSE,4000
1023e043,TGO,LOME,LOME,6.0903,1.2386,FALSE,4000
1023e0d9,TGO,LOME,LOME,6.1061,1.2775,FALSE,4000
1023e067,TGO,LOME,LOME,6.0851,1.2433,FALSE,4000
1023e05f,TGO,LOME,LOME,6.0900,1.2482,FALSE,4000
10215ff5,TGO,LOME,LOME OFFSHORE,6.0850,1.2094,FALSE,4000
1023e727,TGO,LOME,LOME,6.1061,1.3010,FALSE,4000
1023e6d9,TGO,LOME,LOME,6.1111,1.3009,FALSE,4000
1023e0f5,TGO,LOME,LOME,6.0900,1.2527,FALSE,4000
1023e03f,TGO,LOME,LOME,6.0904,1.2289,FALSE,4000
1023e129,TGO,LOME,LOME,6.1113,1.2821,FALSE,4000
1023e6d5,TGO,LOME,LOME,6.1118,1.2918,FALSE,4000
1023e01b,TGO,LOME,LOME,6.0800,1.2192,FALSE,4000
1023e72b,TGO,LOME,LOME,6.1058,1.2913,FALSE,4000
1023e015,TGO,LOME,LOME,6.0854,1.2288,FALSE,4000
1023e0c3,TGO,LOME,LOME,6.0954,1.2724,FALSE,4000
1023e0f1,TGO,LOME,LOME,6.0960,1.2576,FALSE,4000
1023e0fb,TGO,LOME,LOME,6.1003,1.2580,FALSE,4000
1023e729,TGO,LOME,LOME,6.1057,1.2964,FALSE,4000
1023e127,TGO,LOME,LOME,6.1112,1.2773,FALSE,4000
1023e6d7,TGO,LOME,LOME,6.1116,1.2963,FALSE,4000
1023e753,TGO,LOME,LOME,6.0746,1.2914,FALSE,8000
1023dfd3,TGO,LOME,LOME,6.0584,1.2478,FALSE,8000
1023e75b,TGO,LOME,LOME,6.0742,1.3009,FALSE,8000
1023df8f,TGO,LOME,LOME,6.0370,1.2194,FALSE,8000
1023e741,TGO,LOME,LOME,6.0849,1.3059,FALSE,8000
1023dfeb,TGO,LOME,LOME,6.0481,1.2290,FALSE,8000
1023e757,TGO,LOME,LOME,6.0689,1.2961,FALSE,8000
1023de21,TGO,LOME,LOME,6.0638,1.2675,FALSE,8000
1023e0ab,TGO,LOME,LOME,6.0689,1.2866,FALSE,8000
1023de23,TGO,LOME,LOME,6.0585,1.2674,FALSE,8000
1023e759,TGO,LOME,LOME,6.0689,1.3011,FALSE,8000
1023e755,TGO,LOME,LOME,6.0691,1.2915,FALSE,8000
1023dfc1,TGO,LOME,LOME,6.0479,1.2340,FALSE,8000
1023dfd5,TGO,LOME,LOME,6.0639,1.2481,FALSE,8000
1023e0a5,TGO,LOME,LOME,6.0742,1.2770,FALSE,8000
1023df93,TGO,LOME,LOME,6.0430,1.2241,FALSE,8000
1023de1f,TGO,LOME,LOME,6.0640,1.2724,FALSE,8000
1023df8d,TGO,LOME,LOME,6.0430,1.2193,FALSE,8000
1023e751,TGO,LOME,LOME,6.0740,1.2962,FALSE,8000
1023e743,TGO,LOME,LOME,6.0797,1.3058,FALSE,8000
1023e0a9,TGO,LOME,LOME,6.0691,1.2819,FALSE,8000
1023e769,TGO,LOME,LOME,6.0789,1.3110,FALSE,8000
1023e0a7,TGO,LOME,LOME,6.0696,1.2773,FALSE,8000
1023de19,TGO,LOME,LOME,6.0585,1.2723,FALSE,8000
1023dfcf,TGO,LOME,LOME,6.0529,1.2434,FALSE,8000
1023de2f,TGO,LOME,LOME,6.0586,1.2578,FALSE,8000
1023de29,TGO,LOME,LOME,6.0636,1.2579,FALSE,8000
10216021,TGO,LOME,LOME,6.0428,1.2096,FALSE,8000
1023de2d,TGO,LOME,LOME,6.0585,1.2531,FALSE,8000
1023e76f,TGO,LOME,LOME,6.0797,1.3153,FALSE,8000
1023e0af,TGO,LOME,LOME,6.0741,1.2820,FALSE,8000
1023de2b,TGO,LOME,LOME,6.0637,1.2530,FALSE,8000
1023df89,TGO,LOME,LOME,6.0370,1.2151,FALSE,8000
10216027,TGO,LOME,LOME,6.0373,1.2097,FALSE,8000
1023dfc9,TGO,LOME,LOME,6.0480,1.2436,FALSE,8000
1023df8b,TGO,LOME,LOME,6.0426,1.2148,FALSE,8000
1023dfe9,TGO,LOME,LOME,6.0533,1.2291,FALSE,8000
1023dfc7,TGO,LOME,LOME,6.0480,1.2387,FALSE,8000
1023dfc3,TGO,LOME,LOME,6.0531,1.2339,FALSE,8000
1023df91,TGO,LOME,LOME,6.0373,1.2242,FALSE,8000
1023e0ad,TGO,LOME,LOME,6.0742,1.2866,FALSE,8000
1023dfc5,TGO,LOME,LOME,6.0533,1.2386,FALSE,8000
1023e76d,TGO,LOME,LOME,6.0847,1.3151,FALSE,8000
1023de27,TGO,LOME,LOME,6.0639,1.2629,FALSE,8000
1023de25,TGO,LOME,LOME,6.0585,1.2627,FALSE,8000
1023d8c5,TGO,LOME,LOME,5.9690,1.2383,FALSE,16000
1023dc19,TGO,LOME,LOME,6.0007,1.2959,FALSE,16000
1023dc61,TGO,LOME,LOME,6.0002,1.3249,FALSE,16000
1023d933,TGO,LOME,LOME,5.9795,1.2626,FALSE,16000
1023d8b7,TGO,LOME,LOME,5.9742,1.2292,FALSE,16000
1023dc13,TGO,LOME,LOME,5.9952,1.3062,FALSE,16000
1023dc65,TGO,LOME,LOME,5.9958,1.3200,FALSE,16000
1023d8af,TGO,LOME,LOME,5.9741,1.2194,FALSE,16000
1023dcf7,TGO,LOME,LOME,6.0105,1.3297,FALSE,16000
1023dc69,TGO,LOME,LOME,6.0003,1.3153,FALSE,16000
1023ded3,TGO,LOME,LOME,5.9842,1.2578,FALSE,16000
1023d92b,TGO,LOME,LOME,5.9796,1.2531,FALSE,16000
1023d8b9,TGO,LOME,LOME,5.9687,1.2291,FALSE,16000
1023dec9,TGO,LOME,LOME,5.9898,1.2675,FALSE,16000
1023df2b,TGO,LOME,LOME,5.9846,1.2479,FALSE,16000
1023deaf,TGO,LOME,LOME,5.9897,1.2815,FALSE,16000
1023d8c7,TGO,LOME,LOME,5.9688,1.2333,FALSE,16000
1023deb1,TGO,LOME,LOME,5.9895,1.2770,FALSE,16000
1023d8c9,TGO,LOME,LOME,5.9741,1.2339,FALSE,16000
1023dc17,TGO,LOME,LOME,6.0009,1.3009,FALSE,16000
1023d8bb,TGO,LOME,LOME,5.9686,1.2246,FALSE,16000
1023dc59,TGO,LOME,LOME,6.0110,1.3255,FALSE,16000
1023dc11,TGO,LOME,LOME,5.9951,1.3014,FALSE,16000
1023d8b1,TGO,LOME,LOME,5.9745,1.2234,FALSE,16000
1023dea7,TGO,LOME,LOME,5.9949,1.2866,FALSE,16000
1023dc67,TGO,LOME,LOME,6.0009,1.3206,FALSE,16000
1023decd,TGO,LOME,LOME,5.9848,1.2625,FALSE,16000
1023dea9,TGO,LOME,LOME,5.9898,1.2865,FALSE,16000
1023dc1d,TGO,LOME,LOME,5.9949,1.2915,FALSE,16000
1023d8d5,TGO,LOME,LOME,5.9790,1.2478,FALSE,16000
1023d8db,TGO,LOME,LOME,5.9688,1.2435,FALSE,16000
1023d8cf,TGO,LOME,LOME,5.9739,1.2388,FALSE,16000
1023d92d,TGO,LOME,LOME,5.9792,1.2576,FALSE,16000
1023ded5,TGO,LOME,LOME,5.9840,1.2533,FALSE,16000
1023dc6b,TGO,LOME,LOME,6.0002,1.3108,FALSE,16000
1023deb7,TGO,LOME,LOME,5.9894,1.2720,FALSE,16000
1023dc03,TGO,LOME,LOME,5.9899,1.2918,FALSE,16000
1023dc15,TGO,LOME,LOME,5.9998,1.3061,FALSE,16000
1023d8a5,TGO,LOME,LOME,5.9687,1.2196,FALSE,16000
1023d8d1,TGO,LOME,LOME,5.9745,1.2436,FALSE,16000
1023dec7,TGO,LOME,LOME,5.9953,1.2671,FALSE,15000
1023debd,TGO,LOME,LOME,6.0002,1.2770,FALSE,15000
10216207,TGO,LOME,LOME,5.9747,1.2096,FALSE,15000
1023df4d,TGO,LOME,LOME,5.9848,1.2245,FALSE,15000
1023dc25,TGO,LOME,LOME,6.0106,1.2957,FALSE,15000
1023dc57,TGO,LOME,LOME,6.0161,1.3254,FALSE,15000
1023debf,TGO,LOME,LOME,6.0002,1.2723,FALSE,15000
1023dce3,TGO,LOME,LOME,6.0216,1.3397,FALSE,15000
1023dc39,TGO,LOME,LOME,6.0110,1.3058,FALSE,15000
1023dc5b,TGO,LOME,LOME,6.0110,1.3204,FALSE,15000
1023ded9,TGO,LOME,LOME,5.9949,1.2531,FALSE,15000
1023dc43,TGO,LOME,LOME,6.0053,1.3154,FALSE,15000
1023ded7,TGO,LOME,LOME,5.9901,1.2531,FALSE,15000
1023dc5d,TGO,LOME,LOME,6.0054,1.3205,FALSE,15000
1023decf,TGO,LOME,LOME,5.9897,1.2626,FALSE,15000
1023dec1,TGO,LOME,LOME,6.0002,1.2675,FALSE,15000
1023df29,TGO,LOME,LOME,5.9895,1.2479,FALSE,15000
1023dc1f,TGO,LOME,LOME,5.9998,1.2919,FALSE,15000
1023d8cd,TGO,LOME,LOME,5.9790,1.2383,FALSE,15000
1023dcf9,TGO,LOME,LOME,6.0159,1.3304,FALSE,15000
1023dea1,TGO,LOME,LOME,6.0010,1.2868,FALSE,15000
1023d8d3,TGO,LOME,LOME,5.9794,1.2438,FALSE,15000
1023dce5,TGO,LOME,LOME,6.0161,1.3394,FALSE,15000
1023dc3d,TGO,LOME,LOME,6.0056,1.3011,FALSE,15000
1023dc23,TGO,LOME,LOME,6.0056,1.2962,FALSE,15000
1023dc55,TGO,LOME,LOME,6.0218,1.3250,FALSE,15000
1023dc45,TGO,LOME,LOME,6.0106,1.3155,FALSE,15000
1023dc3f,TGO,LOME,LOME,6.0052,1.3056,FALSE,15000
1023dc41,TGO,LOME,LOME,6.0054,1.3109,FALSE,15000
1023d8b3,TGO,LOME,LOME,5.9797,1.2243,FALSE,15000
1023d8ad,TGO,LOME,LOME,5.9791,1.2191,FALSE,15000
1023debb,TGO,LOME,LOME,5.9954,1.2767,FALSE,15000
1023deb9,TGO,LOME,LOME,5.9953,1.2724,FALSE,15000
1023dc5f,TGO,LOME,LOME,6.0055,1.3247,FALSE,15000
1023df33,TGO,LOME,LOME,5.9846,1.2385,FALSE,15000
1023dc47,TGO,LOME,LOME,6.0105,1.3104,FALSE,15000
1023df2d,TGO,LOME,LOME,5.9845,1.2440,FALSE,15000
1023d8b5,TGO,LOME,LOME,5.9794,1.2289,FALSE,15000
1023dea5,TGO,LOME,LOME,5.9950,1.2818,FALSE,15000
1023ded1,TGO,LOME,LOME,5.9898,1.2578,FALSE,15000
1023dc3b,TGO,LOME,LOME,6.0107,1.3015,FALSE,15000
1023df35,TGO,LOME,LOME,5.9848,1.2339,FALSE,15000
1023de9f,TGO,LOME,LOME,6.0050,1.2871,FALSE,15000
1023d8cb,TGO,LOME,LOME,5.9792,1.2334,FALSE,15000
1023dcff,TGO,LOME,LOME,6.0218,1.3295,FALSE,15000
1023df53,TGO,LOME,LOME,5.9843,1.2193,FALSE,15000
1023dea3,TGO,LOME,LOME,6.0002,1.2818,FALSE,15000
1023dfdd,TGO,LOME,LOME,6.0588,1.2340,FALSE,7000
1023dff5,TGO,LOME,LOME,6.0481,1.2146,FALSE,7000
1021601f,TGO,LOME,LOME,6.0472,1.2100,FALSE,7000
1023e07d,TGO,LOME,LOME,6.0745,1.2482,FALSE,7000
1023e713,TGO,LOME,LOME,6.0901,1.3151,FALSE,7000
1023dfd7,TGO,LOME,LOME,6.0636,1.2432,FALSE,7000
1023e0a3,TGO,LOME,LOME,6.0746,1.2720,FALSE,7000
1023dfd9,TGO,LOME,LOME,6.0638,1.2388,FALSE,7000
1023dff1,TGO,LOME,LOME,6.0532,1.2195,FALSE,7000
1021601d,TGO,LOME,LOME,6.0532,1.2101,FALSE,7000
1023e747,TGO,LOME,LOME,6.0850,1.3011,FALSE,7000
1023dfef,TGO,LOME,LOME,6.0529,1.2244,FALSE,7000
1023e74b,TGO,LOME,LOME,6.0849,1.2915,FALSE,7000
1023e0b1,TGO,LOME,LOME,6.0799,1.2819,FALSE,7000
1023e09d,TGO,LOME,LOME,6.0694,1.2628,FALSE,7000
1023dfdb,TGO,LOME,LOME,6.0586,1.2383,FALSE,7000
1023dfe1,TGO,LOME,LOME,6.0640,1.2290,FALSE,7000
1023dfdf,TGO,LOME,LOME,6.0639,1.2336,FALSE,7000
1023e081,TGO,LOME,LOME,6.0693,1.2529,FALSE,7000
1023dfe7,TGO,LOME,LOME,6.0585,1.2291,FALSE,7000
1023dfed,TGO,LOME,LOME,6.0479,1.2241,FALSE,7000
1023e73f,TGO,LOME,LOME,6.0902,1.3058,FALSE,7000
1023dfd1,TGO,LOME,LOME,6.0590,1.2433,FALSE,7000
1023e083,TGO,LOME,LOME,6.0690,1.2579,FALSE,7000
1023e0b5,TGO,LOME,LOME,6.0849,1.2864,FALSE,7000
1023e74d,TGO,LOME,LOME,6.0799,1.2914,FALSE,7000
1023e715,TGO,LOME,LOME,6.0902,1.3104,FALSE,7000
1023dff3,TGO,LOME,LOME,6.0480,1.2194,FALSE,7000
1023e0bb,TGO,LOME,LOME,6.0795,1.2771,FALSE,7000
1023e085,TGO,LOME,LOME,6.0740,1.2577,FALSE,7000
1023e09f,TGO,LOME,LOME,6.0691,1.2674,FALSE,7000
1023e09b,TGO,LOME,LOME,6.0746,1.2626,FALSE,7000
1023e0a1,TGO,LOME,LOME,6.0691,1.2721,FALSE,7000
1023e07f,TGO,LOME,LOME,6.0690,1.2480,FALSE,7000
1023e74f,TGO,LOME,LOME,6.0799,1.2961,FALSE,7000
1023dff7,TGO,LOME,LOME,6.0534,1.2146,FALSE,7000
1023e0b3,TGO,LOME,LOME,6.0798,1.2869,FALSE,7000
1023e099,TGO,LOME,LOME,6.0745,1.2675,FALSE,7000
1023e087,TGO,LOME,LOME,6.0743,1.2530,FALSE,7000
1023e76b,TGO,LOME,LOME,6.0854,1.3107,FALSE,7000
1023e745,TGO,LOME,LOME,6.0796,1.3011,FALSE,7000
1023e0b9,TGO,LOME,LOME,6.0850,1.2769,FALSE,7000
102161ff,TGO,LOME,LOME,5.9847,1.2093,FALSE,14000
1023dc33,TGO,LOME,LOME,6.0214,1.3012,FALSE,14000
1023dd1d,TGO,LOME,LOME,6.0267,1.3394,FALSE,14000
1023dec3,TGO,LOME,LOME,6.0002,1.2626,FALSE,14000
1023de97,TGO,LOME,LOME,6.0053,1.2770,FALSE,14000
1023dc51,TGO,LOME,LOME,6.0159,1.3203,FALSE,14000
1023de99,TGO,LOME,LOME,6.0057,1.2815,FALSE,14000
1023df21,TGO,LOME,LOME,6.0004,1.2483,FALSE,14000
1023dd05,TGO,LOME,LOME,6.0318,1.3347,FALSE,14000
1023dc4f,TGO,LOME,LOME,6.0164,1.3157,FALSE,14000
1023dc49,TGO,LOME,LOME,6.0162,1.3107,FALSE,14000
1023dc53,TGO,LOME,LOME,6.0212,1.3205,FALSE,14000
1023df27,TGO,LOME,LOME,5.9951,1.2481,FALSE,14000
1023dc35,TGO,LOME,LOME,6.0213,1.3062,FALSE,14000
1023df55,TGO,LOME,LOME,5.9845,1.2146,FALSE,14000
1023df49,TGO,LOME,LOME,5.9895,1.2294,FALSE,14000
1023dc37,TGO,LOME,LOME,6.0165,1.3058,FALSE,14000
1023dc31,TGO,LOME,LOME,6.0162,1.3016,FALSE,14000
1023de91,TGO,LOME,LOME,6.0106,1.2774,FALSE,14000
1023dd07,TGO,LOME,LOME,6.0319,1.3303,FALSE,14000
1023dd03,TGO,LOME,LOME,6.0266,1.3347,FALSE,14000
1023dc21,TGO,LOME,LOME,6.0054,1.2914,FALSE,14000
1023df4b,TGO,LOME,LOME,5.9851,1.2291,FALSE,14000
1023dc4b,TGO,LOME,LOME,6.0213,1.3106,FALSE,14000
1023dc4d,TGO,LOME,LOME,6.0214,1.3157,FALSE,14000
1023de9b,TGO,LOME,LOME,6.0111,1.2822,FALSE,14000
1023df2f,TGO,LOME,LOME,5.9896,1.2435,FALSE,14000
1023dc2d,TGO,LOME,LOME,6.0216,1.2962,FALSE,14000
1023dec5,TGO,LOME,LOME,5.9951,1.2629,FALSE,14000
1023dc2f,TGO,LOME,LOME,6.0159,1.2965,FALSE,14000
1023dd1b,TGO,LOME,LOME,6.0313,1.3398,FALSE,14000
1023dedb,TGO,LOME,LOME,5.9953,1.2578,FALSE,14000
1023dedf,TGO,LOME,LOME,6.0004,1.2527,FALSE,14000
1023dc27,TGO,LOME,LOME,6.0108,1.2914,FALSE,14000
1023df37,TGO,LOME,LOME,5.9901,1.2339,FALSE,14000
1023de9d,TGO,LOME,LOME,6.0108,1.2868,FALSE,14000
1023dedd,TGO,LOME,LOME,5.9998,1.2579,FALSE,14000
1023ddab,TGO,LOME,LOME,6.0272,1.3252,FALSE,14000
1023d8ab,TGO,LOME,LOME,5.9795,1.2141,FALSE,14000
1023df51,TGO,LOME,LOME,5.9899,1.2197,FALSE,14000
1023df4f,TGO,LOME,LOME,5.9898,1.2245,FALSE,14000
1023df31,TGO,LOME,LOME,5.9897,1.2385,FALSE,14000
1023deed,TGO,LOME,LOME,6.0109,1.2674,FALSE,13000
1023dd0f,TGO,LOME,LOME,6.0373,1.3345,FALSE,13000
1023df3b,TGO,LOME,LOME,5.9951,1.2383,FALSE,13000
102161fb,TGO,LOME,LOME,5.9899,1.2051,FALSE,13000
1023dda9,TGO,LOME,LOME,6.0317,1.3250,FALSE,13000
1023df39,TGO,LOME,LOME,5.9955,1.2339,FALSE,13000
102161e5,TGO,LOME,LOME,5.9945,1.2048,FALSE,13000
1023dee1,TGO,LOME,LOME,6.0054,1.2527,FALSE,13000
1023dd0b,TGO,LOME,LOME,6.0426,1.3302,FALSE,13000
1023df5b,TGO,LOME,LOME,5.9955,1.2193,FALSE,13000
1023de85,TGO,LOME,LOME,6.0168,1.2815,FALSE,13000
1023df43,TGO,LOME,LOME,6.0007,1.2246,FALSE,13000
1023dee5,TGO,LOME,LOME,6.0107,1.2579,FALSE,13000
1023ddd1,TGO,LOME,LOME,6.0320,1.2962,FALSE,13000
1023ddd3,TGO,LOME,LOME,6.0268,1.2964,FALSE,13000
1023dd09,TGO,LOME,LOME,6.0370,1.3299,FALSE,13000
1023ddb3,TGO,LOME,LOME,6.0266,1.3157,FALSE,13000
1023df23,TGO,LOME,LOME,6.0005,1.2436,FALSE,13000
1023ddcd,TGO,LOME,LOME,6.0264,1.3008,FALSE,13000
1023ddad,TGO,LOME,LOME,6.0266,1.3202,FALSE,13000
1023df41,TGO,LOME,LOME,6.0002,1.2287,FALSE,13000
1023de87,TGO,LOME,LOME,6.0212,1.2818,FALSE,13000
1023de8f,TGO,LOME,LOME,6.0159,1.2771,FALSE,13000
1023dd0d,TGO,LOME,LOME,6.0425,1.3340,FALSE,13000
1023df47,TGO,LOME,LOME,5.9955,1.2292,FALSE,13000
1023df3d,TGO,LOME,LOME,6.0004,1.2387,FALSE,13000
1023dee9,TGO,LOME,LOME,6.0055,1.2627,FALSE,13000
1023df1f,TGO,LOME,LOME,6.0055,1.2478,FALSE,13000
1023ddcf,TGO,LOME,LOME,6.0316,1.3008,FALSE,13000
1023ddcb,TGO,LOME,LOME,6.0266,1.3059,FALSE,13000
1023dc2b,TGO,LOME,LOME,6.0217,1.2910,FALSE,13000
1023df45,TGO,LOME,LOME,5.9955,1.2238,FALSE,13000
1023dc29,TGO,LOME,LOME,6.0159,1.2911,FALSE,13000
1023df5d,TGO,LOME,LOME,6.0003,1.2196,FALSE,13000
1023df1d,TGO,LOME,LOME,6.0110,1.2481,FALSE,13000
1023dda1,TGO,LOME,LOME,6.0427,1.3255,FALSE,13000
1023dda7,TGO,LOME,LOME,6.0374,1.3252,FALSE,13000
1023de93,TGO,LOME,LOME,6.0109,1.2725,FALSE,13000
1023de95,TGO,LOME,LOME,6.0058,1.2722,FALSE,13000
1023ddc9,TGO,LOME,LOME,6.0323,1.3061,FALSE,13000
1023deef,TGO,LOME,LOME,6.0113,1.2625,FALSE,13000
1023ddb7,TGO,LOME,LOME,6.0321,1.3106,FALSE,13000
1023ddb5,TGO,LOME,LOME,6.0267,1.3111,FALSE,13000
1023ddaf,TGO,LOME,LOME,6.0324,1.3204,FALSE,13000
1023dd13,TGO,LOME,LOME,6.0423,1.3392,FALSE,13000
1023ddb1,TGO,LOME,LOME,6.0321,1.3156,FALSE,13000
1023df59,TGO,LOME,LOME,5.9953,1.2151,FALSE,13000
1023df25,TGO,LOME,LOME,5.9951,1.2433,FALSE,13000
1023de83,TGO,LOME,LOME,6.0162,1.2863,FALSE,13000
1023de89,TGO,LOME,LOME,6.0213,1.2772,FALSE,13000
1023deeb,TGO,LOME,LOME,6.0055,1.2677,FALSE,13000
1023dee3,TGO,LOME,LOME,6.0110,1.2531,FALSE,13000
1023df3f,TGO,LOME,LOME,6.0004,1.2337,FALSE,13000
1023de81,TGO,LOME,LOME,6.0213,1.2867,FALSE,13000
1023dee7,TGO,LOME,LOME,6.0056,1.2576,FALSE,13000
1023e0e3,TGO,LOME,LOME,6.1055,1.2626,FALSE,3000
1023e125,TGO,LOME,LOME,6.1166,1.2770,FALSE,3000
1023e0e1,TGO,LOME,LOME,6.1060,1.2679,FALSE,3000
1023e019,TGO,LOME,LOME,6.0852,1.2192,FALSE,3000
1023e05b,TGO,LOME,LOME,6.0951,1.2432,FALSE,3000
1023e01f,TGO,LOME,LOME,6.0852,1.2148,FALSE,3000
1023e023,TGO,LOME,LOME,6.0905,1.2193,FALSE,3000
1023e045,TGO,LOME,LOME,6.0955,1.2390,FALSE,3000
1023e03d,TGO,LOME,LOME,6.0904,1.2240,FALSE,3000
10215ff3,TGO,LOME,LOME,6.0851,1.2053,FALSE,3000
1023e017,TGO,LOME,LOME,6.0853,1.2242,FALSE,3000
1023e059,TGO,LOME,LOME,6.0953,1.2484,FALSE,3000
1023e6d3,TGO,LOME,LOME,6.1161,1.2912,FALSE,3000
1023e121,TGO,LOME,LOME,6.1110,1.2724,FALSE,3000
1023e047,TGO,LOME,LOME,6.0958,1.2337,FALSE,3000
1023e0f7,TGO,LOME,LOME,6.0954,1.2533,FALSE,3000
1023e039,TGO,LOME,LOME,6.0954,1.2287,FALSE,3000
10215f8d,TGO,LOME,LOME,6.0906,1.2054,FALSE,3000
1023e12d,TGO,LOME,LOME,6.1166,1.2866,FALSE,3000
1023e0f9,TGO,LOME,LOME,6.1004,1.2530,FALSE,3000
1023e0df,TGO,LOME,LOME,6.1059,1.2722,FALSE,3000
10215f8b,TGO,LOME,LOME,6.0902,1.2098,FALSE,3000
1023e021,TGO,LOME,LOME,6.0905,1.2145,FALSE,3000
1023dfe3,TGO,LOME,LOME,6.0641,1.2241,FALSE,6000
1023e091,TGO,LOME,LOME,6.0795,1.2625,FALSE,6000
1023dfe5,TGO,LOME,LOME,6.0591,1.2239,FALSE,6000
1023e077,TGO,LOME,LOME,6.0692,1.2383,FALSE,6000
1023e723,TGO,LOME,LOME,6.1005,1.3058,FALSE,6000
1023e735,TGO,LOME,LOME,6.0902,1.2913,FALSE,6000
1023e08f,TGO,LOME,LOME,6.0797,1.2577,FALSE,6000
1023e071,TGO,LOME,LOME,6.0742,1.2385,FALSE,6000
1023e739,TGO,LOME,LOME,6.0903,1.3009,FALSE,6000
1023e0cb,TGO,LOME,LOME,6.0901,1.2867,FALSE,6000
1023e00d,TGO,LOME,LOME,6.0747,1.2289,FALSE,6000
1023e073,TGO,LOME,LOME,6.0747,1.2337,FALSE,6000
1023e093,TGO,LOME,LOME,6.0849,1.2627,FALSE,6000
1023e07b,TGO,LOME,LOME,6.0746,1.2434,FALSE,6000
1023dffd,TGO,LOME,LOME,6.0638,1.2195,FALSE,6000
1023e0bf,TGO,LOME,LOME,6.0848,1.2722,FALSE,6000
1023e719,TGO,LOME,LOME,6.1013,1.3105,FALSE,6000
1023e075,TGO,LOME,LOME,6.0692,1.2340,FALSE,6000
1023e0c9,TGO,LOME,LOME,6.0903,1.2817,FALSE,6000
1023e0c7,TGO,LOME,LOME,6.0902,1.2772,FALSE,6000
1023e0b7,TGO,LOME,LOME,6.0852,1.2819,FALSE,6000
1023e717,TGO,LOME,LOME,6.0954,1.3103,FALSE,6000
1023e737,TGO,LOME,LOME,6.0904,1.2963,FALSE,6000
1023e00b,TGO,LOME,LOME,6.0689,1.2291,FALSE,6000
1023dffb,TGO,LOME,LOME,6.0588,1.2195,FALSE,6000
1023e73d,TGO,LOME,LOME,6.0956,1.3059,FALSE,6000
1023e097,TGO,LOME,LOME,6.0798,1.2674,FALSE,6000
1023e079,TGO,LOME,LOME,6.0691,1.2431,FALSE,6000
1023e749,TGO,LOME,LOME,6.0850,1.2964,FALSE,6000
1023e0bd,TGO,LOME,LOME,6.0798,1.2722,FALSE,6000
1023dfff,TGO,LOME,LOME,6.0642,1.2146,FALSE,6000
1023e08d,TGO,LOME,LOME,6.0850,1.2577,FALSE,6000
1023dff9,TGO,LOME,LOME,6.0585,1.2147,FALSE,6000
1023ddc5,TGO,LOME,LOME,6.0372,1.3012,FALSE,12000
1023df65,TGO,LOME,LOME,6.0112,1.2194,FALSE,12000
1023dd9d,TGO,LOME,LOME,6.0532,1.3253,FALSE,12000
102161e9,TGO,LOME,LOME,6.0005,1.2002,FALSE,12000
1023defb,TGO,LOME,LOME,6.0164,1.2575,FALSE,12000
1023def1,TGO,LOME,LOME,6.0158,1.2626,FALSE,12000
1023def5,TGO,LOME,LOME,6.0215,1.2674,FALSE,12000
1023ddb9,TGO,LOME,LOME,6.0369,1.3107,FALSE,12000
1023df6b,TGO,LOME,LOME,6.0058,1.2287,FALSE,12000
1023def9,TGO,LOME,LOME,6.0213,1.2578,FALSE,12000
102161e1,TGO,LOME,LOME,6.0003,1.2097,FALSE,12000
102161e3,TGO,LOME,LOME,5.9953,1.2099,FALSE,12000
1023deff,TGO,LOME,LOME,6.0217,1.2528,FALSE,12000
1023df69,TGO,LOME,LOME,6.0057,1.2242,FALSE,12000
1023ddbd,TGO,LOME,LOME,6.0428,1.3158,FALSE,12000
1023ddc7,TGO,LOME,LOME,6.0372,1.3062,FALSE,12000
1023df15,TGO,LOME,LOME,6.0055,1.2336,FALSE,12000
1023ddc1,TGO,LOME,LOME,6.0427,1.3058,FALSE,12000
1023de63,TGO,LOME,LOME,6.0268,1.2771,FALSE,12000
1023ddd5,TGO,LOME,LOME,6.0269,1.2914,FALSE,12000
1023df19,TGO,LOME,LOME,6.0053,1.2434,FALSE,12000
1023df03,TGO,LOME,LOME,6.0164,1.2481,FALSE,12000
1023df6f,TGO,LOME,LOME,6.0109,1.2243,FALSE,12000
1023de7d,TGO,LOME,LOME,6.0267,1.2819,FALSE,12000
1023de8d,TGO,LOME,LOME,6.0164,1.2722,FALSE,12000
1023df13,TGO,LOME,LOME,6.0110,1.2339,FALSE,12000
1023df6d,TGO,LOME,LOME,6.0107,1.2293,FALSE,12000
1023defd,TGO,LOME,LOME,6.0162,1.2531,FALSE,12000
1023ddbb,TGO,LOME,LOME,6.0371,1.3156,FALSE,12000
1023dd75,TGO,LOME,LOME,6.0480,1.3298,FALSE,12000
1023de8b,TGO,LOME,LOME,6.0212,1.2720,FALSE,12000
1023de79,TGO,LOME,LOME,6.0322,1.2869,FALSE,12000
1023dd73,TGO,LOME,LOME,6.0474,1.3340,FALSE,12000
1023df1b,TGO,LOME,LOME,6.0111,1.2432,FALSE,12000
1023df01,TGO,LOME,LOME,6.0218,1.2484,FALSE,12000
1023df5f,TGO,LOME,LOME,6.0006,1.2148,FALSE,12000
1023dddd,TGO,LOME,LOME,6.0423,1.2964,FALSE,12000
1023ddd7,TGO,LOME,LOME,6.0319,1.2918,FALSE,12000
1023de65,TGO,LOME,LOME,6.0321,1.2771,FALSE,12000
1023ddc3,TGO,LOME,LOME,6.0426,1.3010,FALSE,12000
1023def3,TGO,LOME,LOME,6.0160,1.2673,FALSE,12000
1023dda3,TGO,LOME,LOME,6.0429,1.3202,FALSE,12000
1023df67,TGO,LOME,LOME,6.0056,1.2199,FALSE,12000
1023dd9f,TGO,LOME,LOME,6.0475,1.3254,FALSE,12000
102161e7,TGO,LOME,LOME,6.0004,1.2052,FALSE,12000
1023de7b,TGO,LOME,LOME,6.0322,1.2817,FALSE,12000
1023de7f,TGO,LOME,LOME,6.0268,1.2869,FALSE,12000
1023df17,TGO,LOME,LOME,6.0056,1.2384,FALSE,12000
1023dda5,TGO,LOME,LOME,6.0374,1.3204,FALSE,12000
1023def7,TGO,LOME,LOME,6.0213,1.2625,FALSE,12000
1023dddb,TGO,LOME,LOME,6.0375,1.2964,FALSE,12000
1023df11,TGO,LOME,LOME,6.0111,1.2385,FALSE,12000
1023ddbf,TGO,LOME,LOME,6.0432,1.3108,FALSE,12000
1023df0f,TGO,LOME,LOME,6.0160,1.2387,FALSE,11000
1023dde7,TGO,LOME,LOME,6.0476,1.2965,FALSE,11000
1023ddef,TGO,LOME,LOME,6.0532,1.3013,FALSE,11000
1023dd79,TGO,LOME,LOME,6.0584,1.3294,FALSE,11000
1023dde5,TGO,LOME,LOME,6.0533,1.2961,FALSE,11000
1023dd95,TGO,LOME,LOME,6.0478,1.3107,FALSE,11000
1023de55,TGO,LOME,LOME,6.0266,1.2531,FALSE,11000
1023df09,TGO,LOME,LOME,6.0214,1.2384,FALSE,11000
1023dddf,TGO,LOME,LOME,6.0429,1.2913,FALSE,11000
1023dd9b,TGO,LOME,LOME,6.0532,1.3205,FALSE,11000
1023de73,TGO,LOME,LOME,6.0429,1.2818,FALSE,11000
1023df61,TGO,LOME,LOME,6.0060,1.2147,FALSE,11000
1023de77,TGO,LOME,LOME,6.0373,1.2868,FALSE,11000
1023df07,TGO,LOME,LOME,6.0215,1.2435,FALSE,11000
1023dde9,TGO,LOME,LOME,6.0477,1.3011,FALSE,11000
102161df,TGO,LOME,LOME,6.0063,1.2100,FALSE,11000
1023de61,TGO,LOME,LOME,6.0267,1.2724,FALSE,11000
1023df77,TGO,LOME,LOME,6.0216,1.2242,FALSE,11000
1023df05,TGO,LOME,LOME,6.0160,1.2434,FALSE,11000
102161d9,TGO,LOME,LOME,6.0109,1.2097,FALSE,11000
1023dd93,TGO,LOME,LOME,6.0533,1.3109,FALSE,11000
1023de51,TGO,LOME,LOME,6.0322,1.2580,FALSE,11000
1023dd97,TGO,LOME,LOME,6.0477,1.3150,FALSE,11000
1023ddd9,TGO,LOME,LOME,6.0375,1.2915,FALSE,11000
1023dfad,TGO,LOME,LOME,6.0320,1.2480,FALSE,11000
1023df79,TGO,LOME,LOME,6.0216,1.2195,FALSE,11000
1023de75,TGO,LOME,LOME,6.0428,1.2870,FALSE,11000
1023dded,TGO,LOME,LOME,6.0530,1.3059,FALSE,11000
1023df63,TGO,LOME,LOME,6.0106,1.2149,FALSE,11000
1023df0b,TGO,LOME,LOME,6.0217,1.2338,FALSE,11000
1023de5d,TGO,LOME,LOME,6.0320,1.2676,FALSE,11000
102161db,TGO,LOME,LOME,6.0113,1.2046,FALSE,11000
102161dd,TGO,LOME,LOME,6.0054,1.2053,FALSE,11000
1023dd91,TGO,LOME,LOME,6.0530,1.3154,FALSE,11000
1023df71,TGO,LOME,LOME,6.0163,1.2242,FALSE,11000
1023de5b,TGO,LOME,LOME,6.0320,1.2623,FALSE,11000
1023de71,TGO,LOME,LOME,6.0373,1.2820,FALSE,11000
1023de5f,TGO,LOME,LOME,6.0266,1.2672,FALSE,11000
1023ddeb,TGO,LOME,LOME,6.0479,1.3057,FALSE,11000
1023dfab,TGO,LOME,LOME,6.0271,1.2485,FALSE,11000
1023de59,TGO,LOME,LOME,6.0267,1.2625,FALSE,11000
1023de67,TGO,LOME,LOME,6.0321,1.2722,FALSE,11000
1023dd81,TGO,LOME,LOME,6.0636,1.3254,FALSE,11000
1023de6d,TGO,LOME,LOME,6.0426,1.2772,FALSE,11000
1023df75,TGO,LOME,LOME,6.0216,1.2290,FALSE,11000
1023df0d,TGO,LOME,LOME,6.0162,1.2337,FALSE,11000
1023df73,TGO,LOME,LOME,6.0161,1.2288,FALSE,11000
1023dd99,TGO,LOME,LOME,6.0476,1.3198,FALSE,11000
1023de53,TGO,LOME,LOME,6.0320,1.2529,FALSE,11000
1023dd83,TGO,LOME,LOME,6.0587,1.3253,FALSE,11000
1023de57,TGO,LOME,LOME,6.0268,1.2580,FALSE,11000
1023df7b,TGO,LOME,LOME,6.0162,1.2193,FALSE,11000
1023de6f,TGO,LOME,LOME,6.0373,1.2768,FALSE,11000
1023e0eb,TGO,LOME,LOME,6.0899,1.2675,FALSE,5000
1023e0c1,TGO,LOME,LOME,6.0901,1.2722,FALSE,5000
1023e0cf,TGO,LOME,LOME,6.0957,1.2820,FALSE,5000
1023e721,TGO,LOME,LOME,6.1056,1.3055,FALSE,5000
1023e007,TGO,LOME,LOME,6.0694,1.2195,FALSE,5000
1023e0c5,TGO,LOME,LOME,6.0950,1.2769,FALSE,5000
1023e0cd,TGO,LOME,LOME,6.0955,1.2868,FALSE,5000
10215ff9,TGO,LOME,LOME,6.0750,1.2097,FALSE,5000
1023e089,TGO,LOME,LOME,6.0800,1.2530,FALSE,5000
1023e0d3,TGO,LOME,LOME,6.1007,1.2865,FALSE,5000
1023e73b,TGO,LOME,LOME,6.0954,1.3011,FALSE,5000
1023e009,TGO,LOME,LOME,6.0694,1.2241,FALSE,5000
1023e063,TGO,LOME,LOME,6.0796,1.2484,FALSE,5000
1023e001,TGO,LOME,LOME,6.0693,1.2148,FALSE,5000
1023e733,TGO,LOME,LOME,6.0955,1.2916,FALSE,5000
1023e731,TGO,LOME,LOME,6.0953,1.2963,FALSE,5000
1023e0d1,TGO,LOME,LOME,6.1010,1.2820,FALSE,5000
1023e0db,TGO,LOME,LOME,6.1009,1.2772,FALSE,5000
1023e065,TGO,LOME,LOME,6.0800,1.2434,FALSE,5000
1023e725,TGO,LOME,LOME,6.1007,1.3014,FALSE,5000
1023e06f,TGO,LOME,LOME,6.0802,1.2389,FALSE,5000
1023e72f,TGO,LOME,LOME,6.1003,1.2963,FALSE,5000
1023e0f3,TGO,LOME,LOME,6.0901,1.2579,FALSE,5000
1023e013,TGO,LOME,LOME,6.0799,1.2287,FALSE,5000
1023e00f,TGO,LOME,LOME,6.0745,1.2244,FALSE,5000
1023e005,TGO,LOME,LOME,6.0744,1.2194,FALSE,5000
1023e0ed,TGO,LOME,LOME,6.0904,1.2627,FALSE,5000
1023e72d,TGO,LOME,LOME,6.1009,1.2917,FALSE,5000
1023e095,TGO,LOME,LOME,6.0852,1.2672,FALSE,5000
1023e06d,TGO,LOME,LOME,6.0797,1.2336,FALSE,5000
1023e069,TGO,LOME,LOME,6.0846,1.2386,FALSE,5000
1023df7d,TGO,LOME,LOME,6.0164,1.2144,FALSE,10000
1023dfaf,TGO,LOME,LOME,6.0318,1.2434,FALSE,10000
1023de4b,TGO,LOME,LOME,6.0427,1.2528,FALSE,10000
1023de11,TGO,LOME,LOME,6.0529,1.2767,FALSE,10000
1023de47,TGO,LOME,LOME,6.0424,1.2626,FALSE,10000
1023de43,TGO,LOME,LOME,6.0372,1.2675,FALSE,10000
102161cf,TGO,LOME,LOME,6.0158,1.1999,FALSE,10000
1023de45,TGO,LOME,LOME,6.0373,1.2625,FALSE,10000
1023dd8f,TGO,LOME,LOME,6.0586,1.3155,FALSE,10000
102161d5,TGO,LOME,LOME,6.0213,1.2101,FALSE,10000
1023dfb3,TGO,LOME,LOME,6.0374,1.2482,FALSE,10000
1023de0f,TGO,LOME,LOME,6.0529,1.2817,FALSE,10000
1023df99,TGO,LOME,LOME,6.0321,1.2293,FALSE,10000
1023dfa9,TGO,LOME,LOME,6.0268,1.2433,FALSE,10000
1023de4d,TGO,LOME,LOME,6.0376,1.2530,FALSE,10000
1023de6b,TGO,LOME,LOME,6.0425,1.2719,FALSE,10000
1023dfa3,TGO,LOME,LOME,6.0320,1.2337,FALSE,10000
1023de09,TGO,LOME,LOME,6.0530,1.2861,FALSE,10000
1023dde1,TGO,LOME,LOME,6.0477,1.2914,FALSE,10000
1023ddf3,TGO,LOME,LOME,6.0584,1.3059,FALSE,10000
1023de0b,TGO,LOME,LOME,6.0480,1.2867,FALSE,10000
1023df7f,TGO,LOME,LOME,6.0211,1.2145,FALSE,10000
1023dfa7,TGO,LOME,LOME,6.0272,1.2388,FALSE,10000
1023dd87,TGO,LOME,LOME,6.0635,1.3206,FALSE,10000
1023dde3,TGO,LOME,LOME,6.0530,1.2915,FALSE,10000
1023dd8b,TGO,LOME,LOME,6.0639,1.3107,FALSE,10000
1023de69,TGO,LOME,LOME,6.0370,1.2722,FALSE,10000
1023dfa5,TGO,LOME,LOME,6.0322,1.2388,FALSE,10000
1023dd8d,TGO,LOME,LOME,6.0584,1.3110,FALSE,10000
1023dd89,TGO,LOME,LOME,6.0637,1.3154,FALSE,10000
102161d1,TGO,LOME,LOME,6.0170,1.2055,FALSE,10000
1023de0d,TGO,LOME,LOME,6.0478,1.2818,FALSE,10000
1023de13,TGO,LOME,LOME,6.0476,1.2772,FALSE,10000
1023de49,TGO,LOME,LOME,6.0428,1.2578,FALSE,10000
1023dd85,TGO,LOME,LOME,6.0584,1.3209,FALSE,10000
1023de41,TGO,LOME,LOME,6.0427,1.2677,FALSE,10000
1023ddf5,TGO,LOME,LOME,6.0639,1.3057,FALSE,10000
102161d7,TGO,LOME,LOME,6.0162,1.2097,FALSE,10000
1023df9f,TGO,LOME,LOME,6.0268,1.2292,FALSE,10000
1023dfa1,TGO,LOME,LOME,6.0269,1.2337,FALSE,10000
1023de4f,TGO,LOME,LOME,6.0370,1.2579,FALSE,10000
1023dfb5,TGO,LOME,LOME,6.0429,1.2485,FALSE,10000
1023de05,TGO,LOME,LOME,6.0586,1.2819,FALSE,9000
1023dfcb,TGO,LOME,LOME,6.0479,1.2482,FALSE,9000
1023ddfd,TGO,LOME,LOME,6.0584,1.2914,FALSE,9000
1023df9d,TGO,LOME,LOME,6.0265,1.2243,FALSE,9000
10216029,TGO,LOME,LOME,6.0323,1.2098,FALSE,9000
1023de15,TGO,LOME,LOME,6.0479,1.2724,FALSE,9000
1023e765,TGO,LOME,LOME,6.0744,1.3155,FALSE,9000
1023df81,TGO,LOME,LOME,6.0270,1.2144,FALSE,9000
1023de37,TGO,LOME,LOME,6.0479,1.2580,FALSE,9000
1023de39,TGO,LOME,LOME,6.0479,1.2626,FALSE,9000
1021602b,TGO,LOME,LOME,6.0269,1.2099,FALSE,9000
1023dfbd,TGO,LOME,LOME,6.0375,1.2336,FALSE,9000
1023e77f,TGO,LOME,LOME,6.0683,1.3247,FALSE,9000
1023de07,TGO,LOME,LOME,6.0586,1.2864,FALSE,9000
1023df95,TGO,LOME,LOME,6.0428,1.2289,FALSE,9000
1023df87,TGO,LOME,LOME,6.0324,1.2145,FALSE,9000
1021602f,TGO,LOME,LOME,6.0326,1.2054,FALSE,9000
1023ddf9,TGO,LOME,LOME,6.0639,1.2962,FALSE,9000
1023de31,TGO,LOME,LOME,6.0528,1.2579,FALSE,9000
1023df97,TGO,LOME,LOME,6.0375,1.2291,FALSE,9000
1023ddf1,TGO,LOME,LOME,6.0586,1.3011,FALSE,9000
1023e77b,TGO,LOME,LOME,6.0739,1.3202,FALSE,9000
1023e767,TGO,LOME,LOME,6.0744,1.3105,FALSE,9000
1023de3b,TGO,LOME,LOME,6.0531,1.2626,FALSE,9000
1023de3f,TGO,LOME,LOME,6.0481,1.2674,FALSE,9000
1023ddff,TGO,LOME,LOME,6.0640,1.2914,FALSE,9000
1023dfcd,TGO,LOME,LOME,6.0530,1.2480,FALSE,9000
1023de01,TGO,LOME,LOME,6.0641,1.2867,FALSE,9000
1023de33,TGO,LOME,LOME,6.0531,1.2526,FALSE,9000
1023dfb1,TGO,LOME,LOME,6.0374,1.2434,FALSE,9000
1023de03,TGO,LOME,LOME,6.0636,1.2819,FALSE,9000
1023dfb9,TGO,LOME,LOME,6.0427,1.2386,FALSE,9000
1023e763,TGO,LOME,LOME,6.0687,1.3156,FALSE,9000
1023dfb7,TGO,LOME,LOME,6.0424,1.2435,FALSE,9000
1023e77d,TGO,LOME,LOME,6.0689,1.3203,FALSE,9000
1023e75f,TGO,LOME,LOME,6.0686,1.3059,FALSE,9000
1023ddf7,TGO,LOME,LOME,6.0637,1.3009,FALSE,9000
1023e761,TGO,LOME,LOME,6.0691,1.3108,FALSE,9000
1023de17,TGO,LOME,LOME,6.0531,1.2723,FALSE,9000
1023df9b,TGO,LOME,LOME,6.0323,1.2242,FALSE,9000
1023ddfb,TGO,LOME,LOME,6.0585,1.2961,FALSE,9000
1023df85,TGO,LOME,LOME,6.0318,1.2192,FALSE,9000
1023dfbb,TGO,LOME,LOME,6.0374,1.2383,FALSE,9000
1023e75d,TGO,LOME,LOME,6.0742,1.3059,FALSE,9000
1023df83,TGO,LOME,LOME,6.0269,1.2192,FALSE,9000
1023de3d,TGO,LOME,LOME,6.0532,1.2675,FALSE,9000
1023de1d,TGO,LOME,LOME,6.0640,1.2770,FALSE,9000
1023dfbf,TGO,LOME,LOME,6.0424,1.2339,FALSE,9000
1021602d,TGO,LOME,LOME,6.0271,1.2046,FALSE,9000
1023de1b,TGO,LOME,LOME,6.0583,1.2769,FALSE,9000
1023de35,TGO,LOME,LOME,6.0478,1.2528,FALSE,9000
1023d923,TGO,LOME,LOME,5.9631,1.2573,FALSE,18000
1023d88f,TGO,LOME,LOME,5.9477,1.2251,FALSE,18000
1023d893,TGO,LOME,LOME,5.9526,1.2287,FALSE,18000
1023d88d,TGO,LOME,LOME,5.9478,1.2281,FALSE,18000
1023d8e5,TGO,LOME,LOME,5.9533,1.2435,FALSE,18000
1023d8ed,TGO,LOME,LOME,5.9532,1.2334,FALSE,18000
1023d947,TGO,LOME,LOME,5.9690,1.2723,FALSE,18000
1023d949,TGO,LOME,LOME,5.9739,1.2717,FALSE,18000
1023d94f,TGO,LOME,LOME,5.9741,1.2769,FALSE,18000
1023d957,TGO,LOME,LOME,5.9749,1.2870,FALSE,18000
1023d93d,TGO,LOME,LOME,5.9631,1.2630,FALSE,18000
1023dc09,TGO,LOME,LOME,5.9845,1.3014,FALSE,18000
1023dc6f,TGO,LOME,LOME,5.9948,1.3150,FALSE,18000
1023d945,TGO,LOME,LOME,5.9689,1.2766,FALSE,18000
1023dc07,TGO,LOME,LOME,5.9845,1.2962,FALSE,18000
1023d937,TGO,LOME,LOME,5.9739,1.2671,FALSE,18000
1023d939,TGO,LOME,LOME,5.9691,1.2672,FALSE,18000
1023d8df,TGO,LOME,LOME,5.9636,1.2480,FALSE,18000
1023d8ef,TGO,LOME,LOME,5.9530,1.2394,FALSE,18000
1023d921,TGO,LOME,LOME,5.9637,1.2528,FALSE,18000
1023d951,TGO,LOME,LOME,5.9740,1.2818,FALSE,18000
1023d8e1,TGO,LOME,LOME,5.9585,1.2482,FALSE,18000
1023d895,TGO,LOME,LOME,5.9578,1.2294,FALSE,17000
1023d8dd,TGO,LOME,LOME,5.9629,1.2435,FALSE,17000
1023d94b,TGO,LOME,LOME,5.9795,1.2722,FALSE,17000
1023d8a3,TGO,LOME,LOME,5.9637,1.2194,FALSE,17000
1023d8eb,TGO,LOME,LOME,5.9580,1.2336,FALSE,17000
1023dc1b,TGO,LOME,LOME,5.9949,1.2961,FALSE,17000
1023d8e9,TGO,LOME,LOME,5.9583,1.2391,FALSE,17000
1023d927,TGO,LOME,LOME,5.9688,1.2534,FALSE,17000
1023decb,TGO,LOME,LOME,5.9847,1.2672,FALSE,17000
1023d8d9,TGO,LOME,LOME,5.9693,1.2487,FALSE,17000
1023d897,TGO,LOME,LOME,5.9586,1.2241,FALSE,17000
1023d935,TGO,LOME,LOME,5.9793,1.2679,FALSE,17000
1023d8c1,TGO,LOME,LOME,5.9632,1.2336,FALSE,17000
1023d8d7,TGO,LOME,LOME,5.9742,1.2484,FALSE,17000
1023d953,TGO,LOME,LOME,5.9793,1.2822,FALSE,17000
1023d8c3,TGO,LOME,LOME,5.9632,1.2387,FALSE,17000
1023d94d,TGO,LOME,LOME,5.9788,1.2772,FALSE,17000
1023dc0d,TGO,LOME,LOME,5.9899,1.3061,FALSE,17000
1023deb5,TGO,LOME,LOME,5.9846,1.2722,FALSE,17000
1023d8e7,TGO,LOME,LOME,5.9579,1.2436,FALSE,17000
1023dc01,TGO,LOME,LOME,5.9848,1.2917,FALSE,17000
1023d931,TGO,LOME,LOME,5.9740,1.2629,FALSE,17000
1023d8bd,TGO,LOME,LOME,5.9632,1.2238,FALSE,17000
1023dc73,TGO,LOME,LOME,5.9894,1.3112,FALSE,17000
1023deab,TGO,LOME,LOME,5.9846,1.2865,FALSE,17000
1023dead,TGO,LOME,LOME,5.9845,1.2824,FALSE,17000
1023dc05,TGO,LOME,LOME,5.9903,1.2966,FALSE,17000
1023d8bf,TGO,LOME,LOME,5.9633,1.2294,FALSE,17000
1023d925,TGO,LOME,LOME,5.9682,1.2583,FALSE,17000
1023d93b,TGO,LOME,LOME,5.9688,1.2623,FALSE,17000
1023d955,TGO,LOME,LOME,5.9795,1.2865,FALSE,17000
1023d891,TGO,LOME,LOME,5.9530,1.2241,FALSE,17000
1023d92f,TGO,LOME,LOME,5.9740,1.2584,FALSE,17000
1023d929,TGO,LOME,LOME,5.9736,1.2536,FALSE,17000
1023dc0f,TGO,LOME,LOME,5.9899,1.3007,FALSE,17000
1023dc6d,TGO,LOME,LOME,5.9949,1.3110,FALSE,17000
1023deb3,TGO,LOME,LOME,5.9843,1.2770,FALSE,17000
,,,,,,,
,,,,,,,
,,,,,,,
,,,,,,,
,,,,,,,
,,,,,,,
,,,,,,,
,,,,,,,
,,,,,,,
,,,,,,,
,,,,,,,
,,,,,,,
,,,,,,,
,,,,,,,
,,,,,,,
,,,,,,,
,,,,,,,
,,,,,,,
,,,,,,,
,,,,,,,
,,,,,,,
,,,,,,,
,,,,,,,
,,,,,,,
,,,,,,,
,,,,,,,
,,,,,,,
,,,,,,,
,,,,,,,
,,,,,,,
,,,,,,,
,,,,,,,
,,,,,,,
,,,,,,,
,,,,,,,
,,,,,,,
,,,,,,,
,,,,,,,
,,,,,,,
,,,,,,,
,,,,,,,
,,,,,,,
,,,,,,,
,,,,,,,
,,,,,,,
,,,,,,,
,,,,,,,
,,,,,,,
,,,,,,,
,,,,,,,
,,,,,,,
,,,,,,,
,,,,,,,
,,,,,,,
,,,,,,,
,,,,,,,
,,,,,,,
,,,,,,,
,,,,,,,
,,,,,,,
,,,,,,,
,,,,,,,
,,,,,,,
,,,,,,,
,,,,,,,
,,,,,,,
,,,,,,,
,,,,,,,
,,,,,,,
,,,,,,,
,,,,,,,
,,,,,,,
,,,,,,,
,,,,,,,
,,,,,,,
,,,,,,,
,,,,,,,
,,,,,,,
,,,,,,,
,,,,,,,
,,,,,,,
,,,,,,,
,,,,,,,
,,,,,,,
,,,,,,,
,,,,,,,
,,,,,,,
,,,,,,,
,,,,,,,
,,,,,,,
,,,,,,,
,,,,,,,
,,,,,,,
,,,,,,,
,,,,,,,
,,,,,,,
,,,,,,,
,,,,,,,
,,,,,,,
,,,,,,,
,,,,,,,
,,,,,,,
,,,,,,,
,,,,,,,
,,,,,,,
,,,,,,,
,,,,,,,
,,,,,,,
,,,,,,,
,,,,,,,
,,,,,,,
,,,,,,,
,,,,,,,
,,,,,,,
,,,,,,,
,,,,,,,
,,,,,,,
,,,,,,,
,,,,,,,
,,,,,,,
,,,,,,,
,,,,,,,
,,,,,,,
,,,,,,,
,,,,,,,
,,,,,,,
,,,,,,,
,,,,,,,
,,,,,,,
,,,,,,,
,,,,,,,
,,,,,,,
,,,,,,,
,,,,,,,
,,,,,,,
,,,,,,,
,,,,,,,
,,,,,,,
,,,,,,,
,,,,,,,
,,,,,,,
,,,,,,,
,,,,,,,
,,,,,,,
,,,,,,,
,,,,,,,
,,,,,,,
,,,,,,,
,,,,,,,
,,,,,,,
,,,,,,,
,,,,,,,
,,,,,,,
,,,,,,,
,,,,,,,
,,,,,,,
,,,,,,,
,,,,,,,
,,,,,,,
,,,,,,,
,,,,,,,
,,,,,,,
,,,,,,,
,,,,,,,
,,,,,,,
,,,,,,,
,,,,,,,
,,,,,,,
,,,,,,,
,,,,,,,
,,,,,,,
,,,,,,,
,,,,,,,
,,,,,,,
,,,,,,,
,,,,,,,
,,,,,,,
,,,,,,,
,,,,,,,
,,,,,,,
,,,,,,,
,,,,,,,
,,,,,,,
,,,,,,,
,,,,,,,
,,,,,,,
,,,,,,,
,,,,,,,
,,,,,,,
,,,,,,,
,,,,,,,
,,,,,,,
,,,,,,,
,,,,,,,
,,,,,,,
,,,,,,,
,,,,,,,
,,,,,,,
,,,,,,,
,,,,,,,
,,,,,,,
,,,,,,,
,,,,,,,
,,,,,,,
,,,,,,,
,,,,,,,
,,,,,,,
,,,,,,,
,,,,,,,
,,,,,,,
,,,,,,,
,,,,,,,
,,,,,,,
,,,,,,,
,,,,,,,
,,,,,,,
,,,,,,,
,,,,,,,
,,,,,,,
,,,,,,,
,,,,,,,
,,,,,,,
,,,,,,,
,,,,,,,
,,,,,,,
,,,,,,,
,,,,,,,
,,,,,,,
,,,,,,,
,,,,,,,
,,,,,,,
,,,,,,,
,,,,,,,
,,,,,,,
,,,,,,,
,,,,,,,
,,,,,,,
,,,,,,,
,,,,,,,
,,,,,,,
,,,,,,,
,,,,,,,
,,,,,,,
,,,,,,,
,,,,,,,
,,,,,,,
,,,,,,,
,,,,,,,
,,,,,,,
,,,,,,,
,,,,,,,
,,,,,,,
,,,,,,,
,,,,,,,
,,,,,,,
,,,,,,,
,,,,,,,
,,,,,,,
,,,,,,,
,,,,,,,
,,,,,,,
,,,,,,,
,,,,,,,
,,,,,,,
,,,,,,,
,,,,,,,
,,,,,,,
,,,,,,,
,,,,,,,
,,,,,,,
,,,,,,,
,,,,,,,
,,,,,,,
,,,,,,,
,,,,,,,
,,,,,,,
,,,,,,,
,,,,,,,
,,,,,,,
,,,,,,,
,,,,,,,
,,,,,,,
,,,,,,,
,,,,,,,
,,,,,,,
,,,,,,,
,,,,,,,
,,,,,,,
,,,,,,,
,,,,,,,
,,,,,,,
,,,,,,,
,,,,,,,
,,,,,,,
,,,,,,,
,,,,,,,
,,,,,,,
,,,,,,,
,,,,,,,
,,,,,,,
,,,,,,,
,,,,,,,
,,,,,,,
,,,,,,,
,,,,,,,
,,,,,,,
,,,,,,,
,,,,,,,
,,,,,,,
,,,,,,,
,,,,,,,
,,,,,,,
,,,,,,,
,,,,,,,
,,,,,,,
,,,,,,,
,,,,,,,
,,,,,,,
,,,,,,,
,,,,,,,
,,,,,,,
,,,,,,,
,,,,,,,
,,,,,,,
,,,,,,,
,,,,,,,
,,,,,,,
,,,,,,,
,,,,,,,
,,,,,,,
,,,,,,,
,,,,,,,
,,,,,,,
,,,,,,,
,,,,,,,
,,,,,,,
,,,,,,,